{"cameraMode":{"drawMode":0,"name":"Shaded","section":"Shading Mode"},"sceneLighting":true,"audioPlay":false,"sceneViewState":{"m_AlwaysRefresh":true,"showFog":true,"showSkybox":true,"showFlares":true,"showImageEffects":true,"showParticleSystems":true,"showVisualEffectGraphs":true,"m_FxEnabled":true},"in2DMode":false,"pivot":{"x":0.12394478917121887,"y":1.5318955183029175,"z":-0.14105015993118287},"rotation":{"x":-0.0007048716070130467,"y":0.9918617606163025,"z":0.00564549071714282,"w":0.1274569183588028},"size":0.9985767602920532,"orthographic":false}