{"cameraMode":{"drawMode":0,"name":"Shaded","section":"Shading Mode"},"sceneLighting":true,"audioPlay":false,"sceneViewState":{"m_AlwaysRefresh":true,"showFog":true,"showSkybox":true,"showFlares":true,"showImageEffects":true,"showParticleSystems":true,"showVisualEffectGraphs":true,"m_FxEnabled":true},"in2DMode":false,"pivot":{"x":1.0147920846939088,"y":0.9150235056877136,"z":-1.2894865274429322},"rotation":{"x":0.0014464870328083635,"y":0.9910293817520142,"z":-0.010713293217122555,"w":0.1333988457918167},"size":2.069525718688965,"orthographic":false}