{"cameraMode":{"drawMode":0,"name":"Shaded","section":"Shading Mode"},"sceneLighting":true,"audioPlay":false,"sceneViewState":{"m_AlwaysRefresh":true,"showFog":true,"showSkybox":true,"showFlares":true,"showImageEffects":true,"showParticleSystems":true,"showVisualEffectGraphs":true,"m_FxEnabled":true},"in2DMode":false,"pivot":{"x":-0.06768828630447388,"y":1.3176101446151734,"z":-0.16204464435577393},"rotation":{"x":0.007312862668186426,"y":0.9842709302902222,"z":-0.04166317731142044,"w":0.17179594933986665},"size":1.030631184577942,"orthographic":false}