{"cameraMode":{"drawMode":0,"name":"Shaded","section":"Shading Mode"},"sceneLighting":true,"audioPlay":false,"sceneViewState":{"m_AlwaysRefresh":true,"showFog":true,"showSkybox":true,"showFlares":true,"showImageEffects":true,"showParticleSystems":true,"showVisualEffectGraphs":true,"m_FxEnabled":true},"in2DMode":false,"pivot":{"x":-0.6968191266059876,"y":0.5854710340499878,"z":-0.6305504441261292},"rotation":{"x":-0.10861481726169586,"y":0.7076622247695923,"z":-0.11152829229831696,"w":-0.6892217397689819},"size":2.101503372192383,"orthographic":false}